term,Substrate Manuscript Labels ,Substrate Manuscript Labels .1,Catalyst Manuscript Labels,Catalyst Manuscript Labels.1,Temperature (C),Temperature (K),Conversion (%),Isomer 1 (%),Isomer 2 (%),%ee,measured ddG (kcal/mol),product,Designation
1,1a,O=S(C1=CC=CC=C1)(N)=N,3a,C=C[C@H]1C[N@@]2CC[C@H]1C[C@@]2([H])[C@H](OP(C3=CC=CC=C3)(C4=CC=CC=C4)=O)C5=CC=NC6=C5C=C(C=C6)OC,-35,238.15,100,94.2,5.8,88.4,1.32,O=S(C1=CC=CC=C1)(N)=NC(C(F)(F)F)=O,test
2,1a,O=S(C1=CC=CC=C1)(N)=N,3e,C=C[C@H]1C[N@@]2CC[C@H]1C[C@@]2([H])[C@H](OP(C3CCCCC3)(C4CCCCC4)=O)C5=CC=NC6=C5C=C(C=C6)OC,-35,238.15,100,95.2,4.8,90.4,1.41,O=S(C1=CC=CC=C1)(N)=NC(C(F)(F)F)=O,test
3,1a,O=S(C1=CC=CC=C1)(N)=N,3h,[H]C1=CC2=C(N=CC=C2[C@H]([C@]3([H])C[C@@H]4CC[N@]3C[C@@H]4C=C)OP(C5=CC=CC=C5)(C6=CC=CC=C6)=O)C=C1,-35,238.15,100,78.4,21.6,56.8,0.61,O=S(C1=CC=CC=C1)(N)=NC(C(F)(F)F)=O,train
4,1a,O=S(C1=CC=CC=C1)(N)=N,3d,C=C[C@H]1C[N@@]2CC[C@H]1C[C@@]2([H])[C@H](OP(C3=CC(C)=CC(C)=C3)(C4=CC(C)=CC(C)=C4)=O)C5=CC=NC6=C5C=C(C=C6)OC,-35,238.15,100,93.8,6.2,87.6,1.29,O=S(C1=CC=CC=C1)(N)=NC(C(F)(F)F)=O,train
5,1a,O=S(C1=CC=CC=C1)(N)=N,3i,C=C[C@H]1C[N@@]2CC[C@H]1C[C@@]2([H])[C@H](OP(C3=CC=CC=C3)(C4=CC=CC=C4)=O)C5=CC=NC6=C5C=C(C=C6)OC(C)C,-35,238.15,99,92.8,7.2,85.6,1.21,O=S(C1=CC=CC=C1)(N)=NC(C(F)(F)F)=O,train
6,1a,O=S(C1=CC=CC=C1)(N)=N,3j,C=C[C@H]1C[N@@]2CC[C@H]1C[C@@]2([H])[C@H](OP(C3=CC=CC=C3)(C4=CC=CC=C4)=O)C5=CC=NC6=C5C=C(C=C6)C7=CC=CC=C7,-35,238.15,100,93,7,86,1.22,O=S(C1=CC=CC=C1)(N)=NC(C(F)(F)F)=O,test
7,1a,O=S(C1=CC=CC=C1)(N)=N,3k,C=C[C@H]1C[N@@]2CC[C@H]1C[C@@]2([H])[C@H](OP(C3=CC=CC=C3)(C4=CC=CC=C4)=O)C5=CC=NC6=C5C=C(C=C6)C7=CC(C(F)(F)F)=CC(C(F)(F)F)=C7,-35,238.15,99,79.3,20.7,58.6,0.64,O=S(C1=CC=CC=C1)(N)=NC(C(F)(F)F)=O,test
8,1a,O=S(C1=CC=CC=C1)(N)=N,3l,C=C[C@H]1C[N@@]2CC[C@H]1C[C@@]2([H])[C@H](OP(C3=CC=CC=C3)(C4=CC=CC=C4)=O)C5=CC=NC6=C5C=C(C=C6)C7=CC=C(OC)C=C7,-35,238.15,100,91.3,8.7,82.6,1.11,O=S(C1=CC=CC=C1)(N)=NC(C(F)(F)F)=O,train
9,1a,O=S(C1=CC=CC=C1)(N)=N,3b,C=C[C@H]1C[N@@]2CC[C@H]1C[C@@]2([H])[C@H](OP(C3=CC=C(C(F)(F)F)C=C3)(C4=CC=C(C(F)(F)F)C=C4)=O)C5=CC=NC6=C5C=C(C=C6)OC,-35,238.15,100,92.9,7.1,85.8,1.22,O=S(C1=CC=CC=C1)(N)=NC(C(F)(F)F)=O,train
10,1a,O=S(C1=CC=CC=C1)(N)=N,3g,C=C[C@H]1C[N@@]2CC[C@H]1C[C@@]2([H])[C@H](OP(C)(C)=O)C3=CC=NC4=C3C=C(C=C4)OC,-35,238.15,100,87.7,12.3,75.4,0.93,O=S(C1=CC=CC=C1)(N)=NC(C(F)(F)F)=O,train
11,1f,NS(C1=CC=CC=C1I)(=O)=N,3a,C=C[C@H]1C[N@@]2CC[C@H]1C[C@@]2([H])[C@H](OP(C3=CC=CC=C3)(C4=CC=CC=C4)=O)C5=CC=NC6=C5C=C(C=C6)OC,-35,238.15,98,92.7,7.3,85.4,1.2,NS(C1=CC=CC=C1I)(=O)=NC(C(F)(F)F)=O,train
12,1f,NS(C1=CC=CC=C1I)(=O)=N,3e,C=C[C@H]1C[N@@]2CC[C@H]1C[C@@]2([H])[C@H](OP(C3CCCCC3)(C4CCCCC4)=O)C5=CC=NC6=C5C=C(C=C6)OC,-35,238.15,98,95.7,4.3,91.4,1.47,NS(C1=CC=CC=C1I)(=O)=NC(C(F)(F)F)=O,train
13,1f,NS(C1=CC=CC=C1I)(=O)=N,3h,[H]C1=CC2=C(N=CC=C2[C@H]([C@]3([H])C[C@@H]4CC[N@]3C[C@@H]4C=C)OP(C5=CC=CC=C5)(C6=CC=CC=C6)=O)C=C1,-35,238.15,93,84.1,15.9,68.2,0.79,NS(C1=CC=CC=C1I)(=O)=NC(C(F)(F)F)=O,external validation
14,1f,NS(C1=CC=CC=C1I)(=O)=N,3d,C=C[C@H]1C[N@@]2CC[C@H]1C[C@@]2([H])[C@H](OP(C3=CC(C)=CC(C)=C3)(C4=CC(C)=CC(C)=C4)=O)C5=CC=NC6=C5C=C(C=C6)OC,-35,238.15,98,91.6,8.4,83.2,1.13,NS(C1=CC=CC=C1I)(=O)=NC(C(F)(F)F)=O,test
15,1f,NS(C1=CC=CC=C1I)(=O)=N,3i,C=C[C@H]1C[N@@]2CC[C@H]1C[C@@]2([H])[C@H](OP(C3=CC=CC=C3)(C4=CC=CC=C4)=O)C5=CC=NC6=C5C=C(C=C6)OC(C)C,-35,238.15,98,93.4,6.6,86.8,1.25,NS(C1=CC=CC=C1I)(=O)=NC(C(F)(F)F)=O,test
16,1f,NS(C1=CC=CC=C1I)(=O)=N,3j,C=C[C@H]1C[N@@]2CC[C@H]1C[C@@]2([H])[C@H](OP(C3=CC=CC=C3)(C4=CC=CC=C4)=O)C5=CC=NC6=C5C=C(C=C6)C7=CC=CC=C7,-35,238.15,96,95.1,4.9,90.2,1.4,NS(C1=CC=CC=C1I)(=O)=NC(C(F)(F)F)=O,train
17,1f,NS(C1=CC=CC=C1I)(=O)=N,3k,C=C[C@H]1C[N@@]2CC[C@H]1C[C@@]2([H])[C@H](OP(C3=CC=CC=C3)(C4=CC=CC=C4)=O)C5=CC=NC6=C5C=C(C=C6)C7=CC(C(F)(F)F)=CC(C(F)(F)F)=C7,-35,238.15,70,90.8,9.2,81.6,1.08,NS(C1=CC=CC=C1I)(=O)=NC(C(F)(F)F)=O,train
18,1f,NS(C1=CC=CC=C1I)(=O)=N,3l,C=C[C@H]1C[N@@]2CC[C@H]1C[C@@]2([H])[C@H](OP(C3=CC=CC=C3)(C4=CC=CC=C4)=O)C5=CC=NC6=C5C=C(C=C6)C7=CC=C(OC)C=C7,-35,238.15,98,94.9,5.1,89.8,1.38,NS(C1=CC=CC=C1I)(=O)=NC(C(F)(F)F)=O,test
19,1f,NS(C1=CC=CC=C1I)(=O)=N,3b,C=C[C@H]1C[N@@]2CC[C@H]1C[C@@]2([H])[C@H](OP(C3=CC=C(C(F)(F)F)C=C3)(C4=CC=C(C(F)(F)F)C=C4)=O)C5=CC=NC6=C5C=C(C=C6)OC,-35,238.15,98,92.8,7.2,85.6,1.21,NS(C1=CC=CC=C1I)(=O)=NC(C(F)(F)F)=O,test
20,1f,NS(C1=CC=CC=C1I)(=O)=N,3g,C=C[C@H]1C[N@@]2CC[C@H]1C[C@@]2([H])[C@H](OP(C)(C)=O)C3=CC=NC4=C3C=C(C=C4)OC,-35,238.15,95,78.4,21.6,56.8,0.61,NS(C1=CC=CC=C1I)(=O)=NC(C(F)(F)F)=O,train
21,1m,O=S(C1=CN=CC=C1)(N)=N,3a,C=C[C@H]1C[N@@]2CC[C@H]1C[C@@]2([H])[C@H](OP(C3=CC=CC=C3)(C4=CC=CC=C4)=O)C5=CC=NC6=C5C=C(C=C6)OC,-35,238.15,100,98.6,1.4,97.2,2.01,O=S(C1=CN=CC=C1)(N)=NC(C(F)(F)F)=O,test
22,1m,O=S(C1=CN=CC=C1)(N)=N,3e,C=C[C@H]1C[N@@]2CC[C@H]1C[C@@]2([H])[C@H](OP(C3CCCCC3)(C4CCCCC4)=O)C5=CC=NC6=C5C=C(C=C6)OC,-35,238.15,100,97.4,2.6,94.8,1.71,O=S(C1=CN=CC=C1)(N)=NC(C(F)(F)F)=O,train
23,1m,O=S(C1=CN=CC=C1)(N)=N,3h,[H]C1=CC2=C(N=CC=C2[C@H]([C@]3([H])C[C@@H]4CC[N@]3C[C@@H]4C=C)OP(C5=CC=CC=C5)(C6=CC=CC=C6)=O)C=C1,-35,238.15,92,80.7,19.3,61.4,0.68,O=S(C1=CN=CC=C1)(N)=NC(C(F)(F)F)=O,train
24,1m,O=S(C1=CN=CC=C1)(N)=N,3d,C=C[C@H]1C[N@@]2CC[C@H]1C[C@@]2([H])[C@H](OP(C3=CC(C)=CC(C)=C3)(C4=CC(C)=CC(C)=C4)=O)C5=CC=NC6=C5C=C(C=C6)OC,-35,238.15,100,96.6,3.4,93.2,1.58,O=S(C1=CN=CC=C1)(N)=NC(C(F)(F)F)=O,external validation
25,1m,O=S(C1=CN=CC=C1)(N)=N,3i,C=C[C@H]1C[N@@]2CC[C@H]1C[C@@]2([H])[C@H](OP(C3=CC=CC=C3)(C4=CC=CC=C4)=O)C5=CC=NC6=C5C=C(C=C6)OC(C)C,-35,238.15,99,97.2,2.8,94.4,1.68,O=S(C1=CN=CC=C1)(N)=NC(C(F)(F)F)=O,test
26,1m,O=S(C1=CN=CC=C1)(N)=N,3j,C=C[C@H]1C[N@@]2CC[C@H]1C[C@@]2([H])[C@H](OP(C3=CC=CC=C3)(C4=CC=CC=C4)=O)C5=CC=NC6=C5C=C(C=C6)C7=CC=CC=C7,-35,238.15,100,96.7,3.3,93.4,1.6,O=S(C1=CN=CC=C1)(N)=NC(C(F)(F)F)=O,train
27,1m,O=S(C1=CN=CC=C1)(N)=N,3k,C=C[C@H]1C[N@@]2CC[C@H]1C[C@@]2([H])[C@H](OP(C3=CC=CC=C3)(C4=CC=CC=C4)=O)C5=CC=NC6=C5C=C(C=C6)C7=CC(C(F)(F)F)=CC(C(F)(F)F)=C7,-35,238.15,89,91.9,8.1,83.8,1.15,O=S(C1=CN=CC=C1)(N)=NC(C(F)(F)F)=O,test
28,1m,O=S(C1=CN=CC=C1)(N)=N,3l,C=C[C@H]1C[N@@]2CC[C@H]1C[C@@]2([H])[C@H](OP(C3=CC=CC=C3)(C4=CC=CC=C4)=O)C5=CC=NC6=C5C=C(C=C6)C7=CC=C(OC)C=C7,-35,238.15,96,96.4,3.6,92.8,1.56,O=S(C1=CN=CC=C1)(N)=NC(C(F)(F)F)=O,train
29,1m,O=S(C1=CN=CC=C1)(N)=N,3b,C=C[C@H]1C[N@@]2CC[C@H]1C[C@@]2([H])[C@H](OP(C3=CC=C(C(F)(F)F)C=C3)(C4=CC=C(C(F)(F)F)C=C4)=O)C5=CC=NC6=C5C=C(C=C6)OC,-35,238.15,100,96.8,3.2,93.6,1.61,O=S(C1=CN=CC=C1)(N)=NC(C(F)(F)F)=O,train
30,1m,O=S(C1=CN=CC=C1)(N)=N,3g,C=C[C@H]1C[N@@]2CC[C@H]1C[C@@]2([H])[C@H](OP(C)(C)=O)C3=CC=NC4=C3C=C(C=C4)OC,-35,238.15,100,81.3,18.7,62.6,0.7,O=S(C1=CN=CC=C1)(N)=NC(C(F)(F)F)=O,train
31,1b,O=S(C1=CC=C(F)C=C1)(N)=N,3a,C=C[C@H]1C[N@@]2CC[C@H]1C[C@@]2([H])[C@H](OP(C3=CC=CC=C3)(C4=CC=CC=C4)=O)C5=CC=NC6=C5C=C(C=C6)OC,-35,238.15,99,92.7,7.3,85.4,1.2,O=S(C1=CC=C(C=C1)F)(N)=NC(C(F)(F)F)=O,test
32,1b,O=S(C1=CC=C(F)C=C1)(N)=N,3e,C=C[C@H]1C[N@@]2CC[C@H]1C[C@@]2([H])[C@H](OP(C3CCCCC3)(C4CCCCC4)=O)C5=CC=NC6=C5C=C(C=C6)OC,-35,238.15,99,93.7,6.3,87.4,1.28,O=S(C1=CC=C(C=C1)F)(N)=NC(C(F)(F)F)=O,test
33,1b,O=S(C1=CC=C(F)C=C1)(N)=N,3h,[H]C1=CC2=C(N=CC=C2[C@H]([C@]3([H])C[C@@H]4CC[N@]3C[C@@H]4C=C)OP(C5=CC=CC=C5)(C6=CC=CC=C6)=O)C=C1,-35,238.15,99,77.8,22.2,55.6,0.59,O=S(C1=CC=C(C=C1)F)(N)=NC(C(F)(F)F)=O,test
34,1b,O=S(C1=CC=C(F)C=C1)(N)=N,3d,C=C[C@H]1C[N@@]2CC[C@H]1C[C@@]2([H])[C@H](OP(C3=CC(C)=CC(C)=C3)(C4=CC(C)=CC(C)=C4)=O)C5=CC=NC6=C5C=C(C=C6)OC,-35,238.15,99,91.2,8.8,82.4,1.11,O=S(C1=CC=C(C=C1)F)(N)=NC(C(F)(F)F)=O,test
35,1b,O=S(C1=CC=C(F)C=C1)(N)=N,3i,C=C[C@H]1C[N@@]2CC[C@H]1C[C@@]2([H])[C@H](OP(C3=CC=CC=C3)(C4=CC=CC=C4)=O)C5=CC=NC6=C5C=C(C=C6)OC(C)C,-35,238.15,99,92.3,7.7,84.6,1.18,O=S(C1=CC=C(C=C1)F)(N)=NC(C(F)(F)F)=O,test
36,1b,O=S(C1=CC=C(F)C=C1)(N)=N,3j,C=C[C@H]1C[N@@]2CC[C@H]1C[C@@]2([H])[C@H](OP(C3=CC=CC=C3)(C4=CC=CC=C4)=O)C5=CC=NC6=C5C=C(C=C6)C7=CC=CC=C7,-35,238.15,99,92.1,7.9,84.2,1.16,O=S(C1=CC=C(C=C1)F)(N)=NC(C(F)(F)F)=O,train
37,1b,O=S(C1=CC=C(F)C=C1)(N)=N,3k,C=C[C@H]1C[N@@]2CC[C@H]1C[C@@]2([H])[C@H](OP(C3=CC=CC=C3)(C4=CC=CC=C4)=O)C5=CC=NC6=C5C=C(C=C6)C7=CC(C(F)(F)F)=CC(C(F)(F)F)=C7,-35,238.15,99,85,15,70,0.82,O=S(C1=CC=C(C=C1)F)(N)=NC(C(F)(F)F)=O,test
38,1b,O=S(C1=CC=C(F)C=C1)(N)=N,3l,C=C[C@H]1C[N@@]2CC[C@H]1C[C@@]2([H])[C@H](OP(C3=CC=CC=C3)(C4=CC=CC=C4)=O)C5=CC=NC6=C5C=C(C=C6)C7=CC=C(OC)C=C7,-35,238.15,99,91.2,8.8,82.4,1.11,O=S(C1=CC=C(C=C1)F)(N)=NC(C(F)(F)F)=O,test
39,1b,O=S(C1=CC=C(F)C=C1)(N)=N,3b,C=C[C@H]1C[N@@]2CC[C@H]1C[C@@]2([H])[C@H](OP(C3=CC=C(C(F)(F)F)C=C3)(C4=CC=C(C(F)(F)F)C=C4)=O)C5=CC=NC6=C5C=C(C=C6)OC,-35,238.15,99,92.6,7.4,85.2,1.2,O=S(C1=CC=C(C=C1)F)(N)=NC(C(F)(F)F)=O,external validation
40,1b,O=S(C1=CC=C(F)C=C1)(N)=N,3g,C=C[C@H]1C[N@@]2CC[C@H]1C[C@@]2([H])[C@H](OP(C)(C)=O)C3=CC=NC4=C3C=C(C=C4)OC,-35,238.15,100,86.4,13.6,72.8,0.87,O=S(C1=CC=C(C=C1)F)(N)=NC(C(F)(F)F)=O,test
41,1i,NS(C1=CC=C(C2=CC=CC=C2)C=C1)(=O)=N,3a,C=C[C@H]1C[N@@]2CC[C@H]1C[C@@]2([H])[C@H](OP(C3=CC=CC=C3)(C4=CC=CC=C4)=O)C5=CC=NC6=C5C=C(C=C6)OC,-35,238.15,100,91.2,8.8,82.4,1.11,NS(C1=CC=C(C=C1)C2=CC=CC=C2)(=O)=NC(C(F)(F)F)=O,test
42,1i,NS(C1=CC=C(C2=CC=CC=C2)C=C1)(=O)=N,3e,C=C[C@H]1C[N@@]2CC[C@H]1C[C@@]2([H])[C@H](OP(C3CCCCC3)(C4CCCCC4)=O)C5=CC=NC6=C5C=C(C=C6)OC,-35,238.15,100,93.5,6.5,87,1.26,NS(C1=CC=C(C=C1)C2=CC=CC=C2)(=O)=NC(C(F)(F)F)=O,train
43,1i,NS(C1=CC=C(C2=CC=CC=C2)C=C1)(=O)=N,3h,[H]C1=CC2=C(N=CC=C2[C@H]([C@]3([H])C[C@@H]4CC[N@]3C[C@@H]4C=C)OP(C5=CC=CC=C5)(C6=CC=CC=C6)=O)C=C1,-35,238.15,100,78.4,21.6,56.8,0.61,NS(C1=CC=C(C=C1)C2=CC=CC=C2)(=O)=NC(C(F)(F)F)=O,train
44,1i,NS(C1=CC=C(C2=CC=CC=C2)C=C1)(=O)=N,3d,C=C[C@H]1C[N@@]2CC[C@H]1C[C@@]2([H])[C@H](OP(C3=CC(C)=CC(C)=C3)(C4=CC(C)=CC(C)=C4)=O)C5=CC=NC6=C5C=C(C=C6)OC,-35,238.15,100,90.9,9.1,81.8,1.09,NS(C1=CC=C(C=C1)C2=CC=CC=C2)(=O)=NC(C(F)(F)F)=O,train
45,1i,NS(C1=CC=C(C2=CC=CC=C2)C=C1)(=O)=N,3i,C=C[C@H]1C[N@@]2CC[C@H]1C[C@@]2([H])[C@H](OP(C3=CC=CC=C3)(C4=CC=CC=C4)=O)C5=CC=NC6=C5C=C(C=C6)OC(C)C,-35,238.15,100,91,9,82,1.09,NS(C1=CC=C(C=C1)C2=CC=CC=C2)(=O)=NC(C(F)(F)F)=O,train
46,1i,NS(C1=CC=C(C2=CC=CC=C2)C=C1)(=O)=N,3j,C=C[C@H]1C[N@@]2CC[C@H]1C[C@@]2([H])[C@H](OP(C3=CC=CC=C3)(C4=CC=CC=C4)=O)C5=CC=NC6=C5C=C(C=C6)C7=CC=CC=C7,-35,238.15,100,89.5,10.5,79,1.01,NS(C1=CC=C(C=C1)C2=CC=CC=C2)(=O)=NC(C(F)(F)F)=O,train
47,1i,NS(C1=CC=C(C2=CC=CC=C2)C=C1)(=O)=N,3k,C=C[C@H]1C[N@@]2CC[C@H]1C[C@@]2([H])[C@H](OP(C3=CC=CC=C3)(C4=CC=CC=C4)=O)C5=CC=NC6=C5C=C(C=C6)C7=CC(C(F)(F)F)=CC(C(F)(F)F)=C7,-35,238.15,100,79.8,20.2,59.6,0.65,NS(C1=CC=C(C=C1)C2=CC=CC=C2)(=O)=NC(C(F)(F)F)=O,external validation
48,1i,NS(C1=CC=C(C2=CC=CC=C2)C=C1)(=O)=N,3l,C=C[C@H]1C[N@@]2CC[C@H]1C[C@@]2([H])[C@H](OP(C3=CC=CC=C3)(C4=CC=CC=C4)=O)C5=CC=NC6=C5C=C(C=C6)C7=CC=C(OC)C=C7,-35,238.15,99,86.9,13.1,73.8,0.9,NS(C1=CC=C(C=C1)C2=CC=CC=C2)(=O)=NC(C(F)(F)F)=O,train
49,1i,NS(C1=CC=C(C2=CC=CC=C2)C=C1)(=O)=N,3b,C=C[C@H]1C[N@@]2CC[C@H]1C[C@@]2([H])[C@H](OP(C3=CC=C(C(F)(F)F)C=C3)(C4=CC=C(C(F)(F)F)C=C4)=O)C5=CC=NC6=C5C=C(C=C6)OC,-35,238.15,100,90.2,9.8,80.4,1.05,NS(C1=CC=C(C=C1)C2=CC=CC=C2)(=O)=NC(C(F)(F)F)=O,test
50,1i,NS(C1=CC=C(C2=CC=CC=C2)C=C1)(=O)=N,3g,C=C[C@H]1C[N@@]2CC[C@H]1C[C@@]2([H])[C@H](OP(C)(C)=O)C3=CC=NC4=C3C=C(C=C4)OC,-35,238.15,100,83.1,16.9,66.2,0.75,NS(C1=CC=C(C=C1)C2=CC=CC=C2)(=O)=NC(C(F)(F)F)=O,train
51,1d,O=S(C1=CC=C(OC)C=C1)(N)=N,3a,C=C[C@H]1C[N@@]2CC[C@H]1C[C@@]2([H])[C@H](OP(C3=CC=CC=C3)(C4=CC=CC=C4)=O)C5=CC=NC6=C5C=C(C=C6)OC,-35,238.15,100,91.8,8.2,83.6,1.14,O=S(C1=CC=C(C=C1)OC)(N)=NC(C(F)(F)F)=O,train
52,1d,O=S(C1=CC=C(OC)C=C1)(N)=N,3e,C=C[C@H]1C[N@@]2CC[C@H]1C[C@@]2([H])[C@H](OP(C3CCCCC3)(C4CCCCC4)=O)C5=CC=NC6=C5C=C(C=C6)OC,-35,238.15,100,91.8,8.2,83.6,1.14,O=S(C1=CC=C(C=C1)OC)(N)=NC(C(F)(F)F)=O,external validation
53,1d,O=S(C1=CC=C(OC)C=C1)(N)=N,3h,[H]C1=CC2=C(N=CC=C2[C@H]([C@]3([H])C[C@@H]4CC[N@]3C[C@@H]4C=C)OP(C5=CC=CC=C5)(C6=CC=CC=C6)=O)C=C1,-35,238.15,100,72.7,27.3,45.4,0.46,O=S(C1=CC=C(C=C1)OC)(N)=NC(C(F)(F)F)=O,test
54,1d,O=S(C1=CC=C(OC)C=C1)(N)=N,3d,C=C[C@H]1C[N@@]2CC[C@H]1C[C@@]2([H])[C@H](OP(C3=CC(C)=CC(C)=C3)(C4=CC(C)=CC(C)=C4)=O)C5=CC=NC6=C5C=C(C=C6)OC,-35,238.15,100,91.4,8.6,82.8,1.12,O=S(C1=CC=C(C=C1)OC)(N)=NC(C(F)(F)F)=O,test
55,1d,O=S(C1=CC=C(OC)C=C1)(N)=N,3i,C=C[C@H]1C[N@@]2CC[C@H]1C[C@@]2([H])[C@H](OP(C3=CC=CC=C3)(C4=CC=CC=C4)=O)C5=CC=NC6=C5C=C(C=C6)OC(C)C,-35,238.15,100,88.4,11.6,76.8,0.96,O=S(C1=CC=C(C=C1)OC)(N)=NC(C(F)(F)F)=O,test
56,1d,O=S(C1=CC=C(OC)C=C1)(N)=N,3j,C=C[C@H]1C[N@@]2CC[C@H]1C[C@@]2([H])[C@H](OP(C3=CC=CC=C3)(C4=CC=CC=C4)=O)C5=CC=NC6=C5C=C(C=C6)C7=CC=CC=C7,-35,238.15,99,86.3,13.7,72.6,0.87,O=S(C1=CC=C(C=C1)OC)(N)=NC(C(F)(F)F)=O,train
57,1d,O=S(C1=CC=C(OC)C=C1)(N)=N,3k,C=C[C@H]1C[N@@]2CC[C@H]1C[C@@]2([H])[C@H](OP(C3=CC=CC=C3)(C4=CC=CC=C4)=O)C5=CC=NC6=C5C=C(C=C6)C7=CC(C(F)(F)F)=CC(C(F)(F)F)=C7,-35,238.15,99,77.1,22.9,54.2,0.57,O=S(C1=CC=C(C=C1)OC)(N)=NC(C(F)(F)F)=O,test
58,1d,O=S(C1=CC=C(OC)C=C1)(N)=N,3l,C=C[C@H]1C[N@@]2CC[C@H]1C[C@@]2([H])[C@H](OP(C3=CC=CC=C3)(C4=CC=CC=C4)=O)C5=CC=NC6=C5C=C(C=C6)C7=CC=C(OC)C=C7,-35,238.15,100,84,16,68,0.78,O=S(C1=CC=C(C=C1)OC)(N)=NC(C(F)(F)F)=O,test
59,1d,O=S(C1=CC=C(OC)C=C1)(N)=N,3b,C=C[C@H]1C[N@@]2CC[C@H]1C[C@@]2([H])[C@H](OP(C3=CC=C(C(F)(F)F)C=C3)(C4=CC=C(C(F)(F)F)C=C4)=O)C5=CC=NC6=C5C=C(C=C6)OC,-35,238.15,100,89.3,10.7,78.6,1,O=S(C1=CC=C(C=C1)OC)(N)=NC(C(F)(F)F)=O,train
60,1d,O=S(C1=CC=C(OC)C=C1)(N)=N,3g,C=C[C@H]1C[N@@]2CC[C@H]1C[C@@]2([H])[C@H](OP(C)(C)=O)C3=CC=NC4=C3C=C(C=C4)OC,-35,238.15,99,86.8,13.2,73.6,0.89,O=S(C1=CC=C(C=C1)OC)(N)=NC(C(F)(F)F)=O,test
61,1c,NS(C1=CC(Cl)=CC(Cl)=C1)(=O)=N,3a,C=C[C@H]1C[N@@]2CC[C@H]1C[C@@]2([H])[C@H](OP(C3=CC=CC=C3)(C4=CC=CC=C4)=O)C5=CC=NC6=C5C=C(C=C6)OC,-35,238.15,99,93.2,6.8,86.4,1.24,NS(C1=CC(Cl)=CC(Cl)=C1)(=O)=NC(C(F)(F)F)=O,test
62,1c,NS(C1=CC(Cl)=CC(Cl)=C1)(=O)=N,3e,C=C[C@H]1C[N@@]2CC[C@H]1C[C@@]2([H])[C@H](OP(C3CCCCC3)(C4CCCCC4)=O)C5=CC=NC6=C5C=C(C=C6)OC,-35,238.15,98,97.3,2.7,94.6,1.7,NS(C1=CC(Cl)=CC(Cl)=C1)(=O)=NC(C(F)(F)F)=O,test
63,1c,NS(C1=CC(Cl)=CC(Cl)=C1)(=O)=N,3h,[H]C1=CC2=C(N=CC=C2[C@H]([C@]3([H])C[C@@H]4CC[N@]3C[C@@H]4C=C)OP(C5=CC=CC=C5)(C6=CC=CC=C6)=O)C=C1,-35,238.15,98,76.6,23.4,53.2,0.56,NS(C1=CC(Cl)=CC(Cl)=C1)(=O)=NC(C(F)(F)F)=O,train
64,1c,NS(C1=CC(Cl)=CC(Cl)=C1)(=O)=N,3d,C=C[C@H]1C[N@@]2CC[C@H]1C[C@@]2([H])[C@H](OP(C3=CC(C)=CC(C)=C3)(C4=CC(C)=CC(C)=C4)=O)C5=CC=NC6=C5C=C(C=C6)OC,-35,238.15,98,96.4,3.6,92.8,1.56,NS(C1=CC(Cl)=CC(Cl)=C1)(=O)=NC(C(F)(F)F)=O,train
65,1c,NS(C1=CC(Cl)=CC(Cl)=C1)(=O)=N,3i,C=C[C@H]1C[N@@]2CC[C@H]1C[C@@]2([H])[C@H](OP(C3=CC=CC=C3)(C4=CC=CC=C4)=O)C5=CC=NC6=C5C=C(C=C6)OC(C)C,-35,238.15,98,96.7,3.3,93.4,1.6,NS(C1=CC(Cl)=CC(Cl)=C1)(=O)=NC(C(F)(F)F)=O,test
66,1c,NS(C1=CC(Cl)=CC(Cl)=C1)(=O)=N,3j,C=C[C@H]1C[N@@]2CC[C@H]1C[C@@]2([H])[C@H](OP(C3=CC=CC=C3)(C4=CC=CC=C4)=O)C5=CC=NC6=C5C=C(C=C6)C7=CC=CC=C7,-35,238.15,93,97.1,2.9,94.2,1.66,NS(C1=CC(Cl)=CC(Cl)=C1)(=O)=NC(C(F)(F)F)=O,train
67,1c,NS(C1=CC(Cl)=CC(Cl)=C1)(=O)=N,3k,C=C[C@H]1C[N@@]2CC[C@H]1C[C@@]2([H])[C@H](OP(C3=CC=CC=C3)(C4=CC=CC=C4)=O)C5=CC=NC6=C5C=C(C=C6)C7=CC(C(F)(F)F)=CC(C(F)(F)F)=C7,-35,238.15,86,92.5,7.5,85,1.19,NS(C1=CC(Cl)=CC(Cl)=C1)(=O)=NC(C(F)(F)F)=O,test
68,1c,NS(C1=CC(Cl)=CC(Cl)=C1)(=O)=N,3l,C=C[C@H]1C[N@@]2CC[C@H]1C[C@@]2([H])[C@H](OP(C3=CC=CC=C3)(C4=CC=CC=C4)=O)C5=CC=NC6=C5C=C(C=C6)C7=CC=C(OC)C=C7,-35,238.15,98,96.2,3.8,92.4,1.53,NS(C1=CC(Cl)=CC(Cl)=C1)(=O)=NC(C(F)(F)F)=O,train
69,1c,NS(C1=CC(Cl)=CC(Cl)=C1)(=O)=N,3b,C=C[C@H]1C[N@@]2CC[C@H]1C[C@@]2([H])[C@H](OP(C3=CC=C(C(F)(F)F)C=C3)(C4=CC=C(C(F)(F)F)C=C4)=O)C5=CC=NC6=C5C=C(C=C6)OC,-35,238.15,98,96,4,92,1.5,NS(C1=CC(Cl)=CC(Cl)=C1)(=O)=NC(C(F)(F)F)=O,train
70,1c,NS(C1=CC(Cl)=CC(Cl)=C1)(=O)=N,3g,C=C[C@H]1C[N@@]2CC[C@H]1C[C@@]2([H])[C@H](OP(C)(C)=O)C3=CC=NC4=C3C=C(C=C4)OC,-35,238.15,99,84.5,15.5,69,0.8,NS(C1=CC(Cl)=CC(Cl)=C1)(=O)=NC(C(F)(F)F)=O,test
71,1e,O=S(C1=C(C)C=CC=C1)(N)=N,3a,C=C[C@H]1C[N@@]2CC[C@H]1C[C@@]2([H])[C@H](OP(C3=CC=CC=C3)(C4=CC=CC=C4)=O)C5=CC=NC6=C5C=C(C=C6)OC,-35,238.15,99,90.1,9.9,80.2,1.05,O=S(C1=C(C=CC=C1)C)(N)=NC(C(F)(F)F)=O,test
72,1e,O=S(C1=C(C)C=CC=C1)(N)=N,3e,C=C[C@H]1C[N@@]2CC[C@H]1C[C@@]2([H])[C@H](OP(C3CCCCC3)(C4CCCCC4)=O)C5=CC=NC6=C5C=C(C=C6)OC,-35,238.15,100,92.5,7.5,85,1.19,O=S(C1=C(C=CC=C1)C)(N)=NC(C(F)(F)F)=O,test
73,1e,O=S(C1=C(C)C=CC=C1)(N)=N,3h,[H]C1=CC2=C(N=CC=C2[C@H]([C@]3([H])C[C@@H]4CC[N@]3C[C@@H]4C=C)OP(C5=CC=CC=C5)(C6=CC=CC=C6)=O)C=C1,-35,238.15,100,74.1,25.9,48.2,0.5,O=S(C1=C(C=CC=C1)C)(N)=NC(C(F)(F)F)=O,test
74,1e,O=S(C1=C(C)C=CC=C1)(N)=N,3d,C=C[C@H]1C[N@@]2CC[C@H]1C[C@@]2([H])[C@H](OP(C3=CC(C)=CC(C)=C3)(C4=CC(C)=CC(C)=C4)=O)C5=CC=NC6=C5C=C(C=C6)OC,-35,238.15,100,89.8,10.2,79.6,1.03,O=S(C1=C(C=CC=C1)C)(N)=NC(C(F)(F)F)=O,test
75,1e,O=S(C1=C(C)C=CC=C1)(N)=N,3i,C=C[C@H]1C[N@@]2CC[C@H]1C[C@@]2([H])[C@H](OP(C3=CC=CC=C3)(C4=CC=CC=C4)=O)C5=CC=NC6=C5C=C(C=C6)OC(C)C,-35,238.15,100,89.2,10.8,78.4,1,O=S(C1=C(C=CC=C1)C)(N)=NC(C(F)(F)F)=O,test
76,1e,O=S(C1=C(C)C=CC=C1)(N)=N,3j,C=C[C@H]1C[N@@]2CC[C@H]1C[C@@]2([H])[C@H](OP(C3=CC=CC=C3)(C4=CC=CC=C4)=O)C5=CC=NC6=C5C=C(C=C6)C7=CC=CC=C7,-35,238.15,100,89.1,10.9,78.2,0.99,O=S(C1=C(C=CC=C1)C)(N)=NC(C(F)(F)F)=O,test
77,1e,O=S(C1=C(C)C=CC=C1)(N)=N,3k,C=C[C@H]1C[N@@]2CC[C@H]1C[C@@]2([H])[C@H](OP(C3=CC=CC=C3)(C4=CC=CC=C4)=O)C5=CC=NC6=C5C=C(C=C6)C7=CC(C(F)(F)F)=CC(C(F)(F)F)=C7,-35,238.15,99,76.1,23.9,52.2,0.55,O=S(C1=C(C=CC=C1)C)(N)=NC(C(F)(F)F)=O,test
78,1e,O=S(C1=C(C)C=CC=C1)(N)=N,3l,C=C[C@H]1C[N@@]2CC[C@H]1C[C@@]2([H])[C@H](OP(C3=CC=CC=C3)(C4=CC=CC=C4)=O)C5=CC=NC6=C5C=C(C=C6)C7=CC=C(OC)C=C7,-35,238.15,100,88.5,11.5,77,0.97,O=S(C1=C(C=CC=C1)C)(N)=NC(C(F)(F)F)=O,test
79,1e,O=S(C1=C(C)C=CC=C1)(N)=N,3b,C=C[C@H]1C[N@@]2CC[C@H]1C[C@@]2([H])[C@H](OP(C3=CC=C(C(F)(F)F)C=C3)(C4=CC=C(C(F)(F)F)C=C4)=O)C5=CC=NC6=C5C=C(C=C6)OC,-35,238.15,99,91.1,8.9,82.2,1.1,O=S(C1=C(C=CC=C1)C)(N)=NC(C(F)(F)F)=O,test
80,1e,O=S(C1=C(C)C=CC=C1)(N)=N,3g,C=C[C@H]1C[N@@]2CC[C@H]1C[C@@]2([H])[C@H](OP(C)(C)=O)C3=CC=NC4=C3C=C(C=C4)OC,-35,238.15,100,79.4,20.6,58.8,0.64,O=S(C1=C(C=CC=C1)C)(N)=NC(C(F)(F)F)=O,external validation
81,1q,NS(C1=CC2=C(C=CC=C2)O1)(=O)=N,3a,C=C[C@H]1C[N@@]2CC[C@H]1C[C@@]2([H])[C@H](OP(C3=CC=CC=C3)(C4=CC=CC=C4)=O)C5=CC=NC6=C5C=C(C=C6)OC,-35,238.15,89,91.7,8.3,83.4,1.14,NS(C1=CC2=C(O1)C=CC=C2)(=O)=NC(C(F)(F)F)=O,train
82,1q,NS(C1=CC2=C(C=CC=C2)O1)(=O)=N,3e,C=C[C@H]1C[N@@]2CC[C@H]1C[C@@]2([H])[C@H](OP(C3CCCCC3)(C4CCCCC4)=O)C5=CC=NC6=C5C=C(C=C6)OC,-35,238.15,90,94.2,5.8,88.4,1.32,NS(C1=CC2=C(O1)C=CC=C2)(=O)=NC(C(F)(F)F)=O,external validation
83,1q,NS(C1=CC2=C(C=CC=C2)O1)(=O)=N,3h,[H]C1=CC2=C(N=CC=C2[C@H]([C@]3([H])C[C@@H]4CC[N@]3C[C@@H]4C=C)OP(C5=CC=CC=C5)(C6=CC=CC=C6)=O)C=C1,-35,238.15,51,78.9,21.1,57.8,0.62,NS(C1=CC2=C(O1)C=CC=C2)(=O)=NC(C(F)(F)F)=O,test
84,1q,NS(C1=CC2=C(C=CC=C2)O1)(=O)=N,3d,C=C[C@H]1C[N@@]2CC[C@H]1C[C@@]2([H])[C@H](OP(C3=CC(C)=CC(C)=C3)(C4=CC(C)=CC(C)=C4)=O)C5=CC=NC6=C5C=C(C=C6)OC,-35,238.15,93,90.5,9.5,81,1.07,NS(C1=CC2=C(O1)C=CC=C2)(=O)=NC(C(F)(F)F)=O,train
85,1q,NS(C1=CC2=C(C=CC=C2)O1)(=O)=N,3i,C=C[C@H]1C[N@@]2CC[C@H]1C[C@@]2([H])[C@H](OP(C3=CC=CC=C3)(C4=CC=CC=C4)=O)C5=CC=NC6=C5C=C(C=C6)OC(C)C,-35,238.15,81,91.2,8.8,82.4,1.11,NS(C1=CC2=C(O1)C=CC=C2)(=O)=NC(C(F)(F)F)=O,external validation
86,1q,NS(C1=CC2=C(C=CC=C2)O1)(=O)=N,3j,C=C[C@H]1C[N@@]2CC[C@H]1C[C@@]2([H])[C@H](OP(C3=CC=CC=C3)(C4=CC=CC=C4)=O)C5=CC=NC6=C5C=C(C=C6)C7=CC=CC=C7,-35,238.15,85,93.5,6.5,87,1.26,NS(C1=CC2=C(O1)C=CC=C2)(=O)=NC(C(F)(F)F)=O,train
87,1q,NS(C1=CC2=C(C=CC=C2)O1)(=O)=N,3k,C=C[C@H]1C[N@@]2CC[C@H]1C[C@@]2([H])[C@H](OP(C3=CC=CC=C3)(C4=CC=CC=C4)=O)C5=CC=NC6=C5C=C(C=C6)C7=CC(C(F)(F)F)=CC(C(F)(F)F)=C7,-35,238.15,73,81.3,18.7,62.6,0.7,NS(C1=CC2=C(O1)C=CC=C2)(=O)=NC(C(F)(F)F)=O,train
88,1q,NS(C1=CC2=C(C=CC=C2)O1)(=O)=N,3l,C=C[C@H]1C[N@@]2CC[C@H]1C[C@@]2([H])[C@H](OP(C3=CC=CC=C3)(C4=CC=CC=C4)=O)C5=CC=NC6=C5C=C(C=C6)C7=CC=C(OC)C=C7,-35,238.15,62,90.5,9.5,81,1.07,NS(C1=CC2=C(O1)C=CC=C2)(=O)=NC(C(F)(F)F)=O,test
89,1q,NS(C1=CC2=C(C=CC=C2)O1)(=O)=N,3b,C=C[C@H]1C[N@@]2CC[C@H]1C[C@@]2([H])[C@H](OP(C3=CC=C(C(F)(F)F)C=C3)(C4=CC=C(C(F)(F)F)C=C4)=O)C5=CC=NC6=C5C=C(C=C6)OC,-35,238.15,88,89.1,10.9,78.2,0.99,NS(C1=CC2=C(O1)C=CC=C2)(=O)=NC(C(F)(F)F)=O,test
90,1q,NS(C1=CC2=C(C=CC=C2)O1)(=O)=N,3g,C=C[C@H]1C[N@@]2CC[C@H]1C[C@@]2([H])[C@H](OP(C)(C)=O)C3=CC=NC4=C3C=C(C=C4)OC,-35,238.15,73,79.1,20.9,58.2,0.63,NS(C1=CC2=C(O1)C=CC=C2)(=O)=NC(C(F)(F)F)=O,test
91,1l,O=S(C1CC1)(N)=N,3a,C=C[C@H]1C[N@@]2CC[C@H]1C[C@@]2([H])[C@H](OP(C3=CC=CC=C3)(C4=CC=CC=C4)=O)C5=CC=NC6=C5C=C(C=C6)OC,-35,238.15,100,12.2,87.8,-75.6,-0.93,O=S(C1CC1)(N)=NC(C(F)(F)F)=O,test
92,1l,O=S(C1CC1)(N)=N,3e,C=C[C@H]1C[N@@]2CC[C@H]1C[C@@]2([H])[C@H](OP(C3CCCCC3)(C4CCCCC4)=O)C5=CC=NC6=C5C=C(C=C6)OC,-35,238.15,100,10.7,89.3,-78.6,-1,O=S(C1CC1)(N)=NC(C(F)(F)F)=O,test
93,1l,O=S(C1CC1)(N)=N,3h,[H]C1=CC2=C(N=CC=C2[C@H]([C@]3([H])C[C@@H]4CC[N@]3C[C@@H]4C=C)OP(C5=CC=CC=C5)(C6=CC=CC=C6)=O)C=C1,-35,238.15,100,30.8,69.2,-38.4,-0.38,O=S(C1CC1)(N)=NC(C(F)(F)F)=O,train
94,1l,O=S(C1CC1)(N)=N,3d,C=C[C@H]1C[N@@]2CC[C@H]1C[C@@]2([H])[C@H](OP(C3=CC(C)=CC(C)=C3)(C4=CC(C)=CC(C)=C4)=O)C5=CC=NC6=C5C=C(C=C6)OC,-35,238.15,100,11.3,88.7,-77.4,-0.98,O=S(C1CC1)(N)=NC(C(F)(F)F)=O,train
95,1l,O=S(C1CC1)(N)=N,3i,C=C[C@H]1C[N@@]2CC[C@H]1C[C@@]2([H])[C@H](OP(C3=CC=CC=C3)(C4=CC=CC=C4)=O)C5=CC=NC6=C5C=C(C=C6)OC(C)C,-35,238.15,100,15.6,84.4,-68.8,-0.8,O=S(C1CC1)(N)=NC(C(F)(F)F)=O,train
96,1l,O=S(C1CC1)(N)=N,3j,C=C[C@H]1C[N@@]2CC[C@H]1C[C@@]2([H])[C@H](OP(C3=CC=CC=C3)(C4=CC=CC=C4)=O)C5=CC=NC6=C5C=C(C=C6)C7=CC=CC=C7,-35,238.15,100,22,78,-56,-0.6,O=S(C1CC1)(N)=NC(C(F)(F)F)=O,train
97,1l,O=S(C1CC1)(N)=N,3k,C=C[C@H]1C[N@@]2CC[C@H]1C[C@@]2([H])[C@H](OP(C3=CC=CC=C3)(C4=CC=CC=C4)=O)C5=CC=NC6=C5C=C(C=C6)C7=CC(C(F)(F)F)=CC(C(F)(F)F)=C7,-35,238.15,100,31,69,-38,-0.38,O=S(C1CC1)(N)=NC(C(F)(F)F)=O,train
98,1l,O=S(C1CC1)(N)=N,3l,C=C[C@H]1C[N@@]2CC[C@H]1C[C@@]2([H])[C@H](OP(C3=CC=CC=C3)(C4=CC=CC=C4)=O)C5=CC=NC6=C5C=C(C=C6)C7=CC=C(OC)C=C7,-35,238.15,100,17.2,82.8,-65.6,-0.74,O=S(C1CC1)(N)=NC(C(F)(F)F)=O,train
99,1l,O=S(C1CC1)(N)=N,3b,C=C[C@H]1C[N@@]2CC[C@H]1C[C@@]2([H])[C@H](OP(C3=CC=C(C(F)(F)F)C=C3)(C4=CC=C(C(F)(F)F)C=C4)=O)C5=CC=NC6=C5C=C(C=C6)OC,-35,238.15,100,12.8,87.2,-74.4,-0.91,O=S(C1CC1)(N)=NC(C(F)(F)F)=O,external validation
100,1l,O=S(C1CC1)(N)=N,3g,C=C[C@H]1C[N@@]2CC[C@H]1C[C@@]2([H])[C@H](OP(C)(C)=O)C3=CC=NC4=C3C=C(C=C4)OC,-35,238.15,100,23.2,76.8,-53.6,-0.57,O=S(C1CC1)(N)=NC(C(F)(F)F)=O,train
101,1k,NS(CC=C)(=O)=N,3a,C=C[C@H]1C[N@@]2CC[C@H]1C[C@@]2([H])[C@H](OP(C3=CC=CC=C3)(C4=CC=CC=C4)=O)C5=CC=NC6=C5C=C(C=C6)OC,-35,238.15,100,76.7,23.3,53.4,0.56,NS(CC=C)(=O)=NC(C(F)(F)F)=O,external validation
102,1k,NS(CC=C)(=O)=N,3e,C=C[C@H]1C[N@@]2CC[C@H]1C[C@@]2([H])[C@H](OP(C3CCCCC3)(C4CCCCC4)=O)C5=CC=NC6=C5C=C(C=C6)OC,-35,238.15,100,78.6,21.4,57.2,0.62,NS(CC=C)(=O)=NC(C(F)(F)F)=O,train
103,1k,NS(CC=C)(=O)=N,3h,[H]C1=CC2=C(N=CC=C2[C@H]([C@]3([H])C[C@@H]4CC[N@]3C[C@@H]4C=C)OP(C5=CC=CC=C5)(C6=CC=CC=C6)=O)C=C1,-35,238.15,100,62.6,37.4,25.2,0.24,NS(CC=C)(=O)=NC(C(F)(F)F)=O,train
104,1k,NS(CC=C)(=O)=N,3d,C=C[C@H]1C[N@@]2CC[C@H]1C[C@@]2([H])[C@H](OP(C3=CC(C)=CC(C)=C3)(C4=CC(C)=CC(C)=C4)=O)C5=CC=NC6=C5C=C(C=C6)OC,-35,238.15,100,76.9,23.1,53.8,0.57,NS(CC=C)(=O)=NC(C(F)(F)F)=O,train
105,1k,NS(CC=C)(=O)=N,3i,C=C[C@H]1C[N@@]2CC[C@H]1C[C@@]2([H])[C@H](OP(C3=CC=CC=C3)(C4=CC=CC=C4)=O)C5=CC=NC6=C5C=C(C=C6)OC(C)C,-35,238.15,100,77.5,22.5,55,0.59,NS(CC=C)(=O)=NC(C(F)(F)F)=O,test
106,1k,NS(CC=C)(=O)=N,3j,C=C[C@H]1C[N@@]2CC[C@H]1C[C@@]2([H])[C@H](OP(C3=CC=CC=C3)(C4=CC=CC=C4)=O)C5=CC=NC6=C5C=C(C=C6)C7=CC=CC=C7,-35,238.15,100,76.6,23.4,53.2,0.56,NS(CC=C)(=O)=NC(C(F)(F)F)=O,train
107,1k,NS(CC=C)(=O)=N,3k,C=C[C@H]1C[N@@]2CC[C@H]1C[C@@]2([H])[C@H](OP(C3=CC=CC=C3)(C4=CC=CC=C4)=O)C5=CC=NC6=C5C=C(C=C6)C7=CC(C(F)(F)F)=CC(C(F)(F)F)=C7,-35,238.15,100,67.7,32.3,35.4,0.35,NS(CC=C)(=O)=NC(C(F)(F)F)=O,train
108,1k,NS(CC=C)(=O)=N,3l,C=C[C@H]1C[N@@]2CC[C@H]1C[C@@]2([H])[C@H](OP(C3=CC=CC=C3)(C4=CC=CC=C4)=O)C5=CC=NC6=C5C=C(C=C6)C7=CC=C(OC)C=C7,-35,238.15,100,74.3,25.7,48.6,0.5,NS(CC=C)(=O)=NC(C(F)(F)F)=O,train
109,1k,NS(CC=C)(=O)=N,3b,C=C[C@H]1C[N@@]2CC[C@H]1C[C@@]2([H])[C@H](OP(C3=CC=C(C(F)(F)F)C=C3)(C4=CC=C(C(F)(F)F)C=C4)=O)C5=CC=NC6=C5C=C(C=C6)OC,-35,238.15,100,78.3,21.7,56.6,0.61,NS(CC=C)(=O)=NC(C(F)(F)F)=O,train
110,1k,NS(CC=C)(=O)=N,3g,C=C[C@H]1C[N@@]2CC[C@H]1C[C@@]2([H])[C@H](OP(C)(C)=O)C3=CC=NC4=C3C=C(C=C4)OC,-35,238.15,100,63.1,36.9,26.2,0.25,NS(CC=C)(=O)=NC(C(F)(F)F)=O,train
111,1h,O=S(C1=CC=CC2=C1C=CC=C2)(N)=N,3a,C=C[C@H]1C[N@@]2CC[C@H]1C[C@@]2([H])[C@H](OP(C3=CC=CC=C3)(C4=CC=CC=C4)=O)C5=CC=NC6=C5C=C(C=C6)OC,-35,238.15,100,87,13,74,0.9,O=S(C1=CC=CC2=C1C=CC=C2)(N)=NC(C(F)(F)F)=O,test
112,1h,O=S(C1=CC=CC2=C1C=CC=C2)(N)=N,3e,C=C[C@H]1C[N@@]2CC[C@H]1C[C@@]2([H])[C@H](OP(C3CCCCC3)(C4CCCCC4)=O)C5=CC=NC6=C5C=C(C=C6)OC,-35,238.15,99,89.3,10.7,78.6,1,O=S(C1=CC=CC2=C1C=CC=C2)(N)=NC(C(F)(F)F)=O,train
113,1h,O=S(C1=CC=CC2=C1C=CC=C2)(N)=N,3h,[H]C1=CC2=C(N=CC=C2[C@H]([C@]3([H])C[C@@H]4CC[N@]3C[C@@H]4C=C)OP(C5=CC=CC=C5)(C6=CC=CC=C6)=O)C=C1,-35,238.15,99,70.6,29.4,41.2,0.41,O=S(C1=CC=CC2=C1C=CC=C2)(N)=NC(C(F)(F)F)=O,train
114,1h,O=S(C1=CC=CC2=C1C=CC=C2)(N)=N,3d,C=C[C@H]1C[N@@]2CC[C@H]1C[C@@]2([H])[C@H](OP(C3=CC(C)=CC(C)=C3)(C4=CC(C)=CC(C)=C4)=O)C5=CC=NC6=C5C=C(C=C6)OC,-35,238.15,99,86.4,13.6,72.8,0.87,O=S(C1=CC=CC2=C1C=CC=C2)(N)=NC(C(F)(F)F)=O,test
115,1h,O=S(C1=CC=CC2=C1C=CC=C2)(N)=N,3i,C=C[C@H]1C[N@@]2CC[C@H]1C[C@@]2([H])[C@H](OP(C3=CC=CC=C3)(C4=CC=CC=C4)=O)C5=CC=NC6=C5C=C(C=C6)OC(C)C,-35,238.15,100,88.2,11.8,76.4,0.95,O=S(C1=CC=CC2=C1C=CC=C2)(N)=NC(C(F)(F)F)=O,test
116,1h,O=S(C1=CC=CC2=C1C=CC=C2)(N)=N,3j,C=C[C@H]1C[N@@]2CC[C@H]1C[C@@]2([H])[C@H](OP(C3=CC=CC=C3)(C4=CC=CC=C4)=O)C5=CC=NC6=C5C=C(C=C6)C7=CC=CC=C7,-35,238.15,99,87.5,12.5,75,0.92,O=S(C1=CC=CC2=C1C=CC=C2)(N)=NC(C(F)(F)F)=O,external validation
117,1h,O=S(C1=CC=CC2=C1C=CC=C2)(N)=N,3k,C=C[C@H]1C[N@@]2CC[C@H]1C[C@@]2([H])[C@H](OP(C3=CC=CC=C3)(C4=CC=CC=C4)=O)C5=CC=NC6=C5C=C(C=C6)C7=CC(C(F)(F)F)=CC(C(F)(F)F)=C7,-35,238.15,99,69.6,30.4,39.2,0.39,O=S(C1=CC=CC2=C1C=CC=C2)(N)=NC(C(F)(F)F)=O,test
118,1h,O=S(C1=CC=CC2=C1C=CC=C2)(N)=N,3l,C=C[C@H]1C[N@@]2CC[C@H]1C[C@@]2([H])[C@H](OP(C3=CC=CC=C3)(C4=CC=CC=C4)=O)C5=CC=NC6=C5C=C(C=C6)C7=CC=C(OC)C=C7,-35,238.15,99,87.7,12.3,75.4,0.93,O=S(C1=CC=CC2=C1C=CC=C2)(N)=NC(C(F)(F)F)=O,test
119,1h,O=S(C1=CC=CC2=C1C=CC=C2)(N)=N,3b,C=C[C@H]1C[N@@]2CC[C@H]1C[C@@]2([H])[C@H](OP(C3=CC=C(C(F)(F)F)C=C3)(C4=CC=C(C(F)(F)F)C=C4)=O)C5=CC=NC6=C5C=C(C=C6)OC,-35,238.15,99,86.9,13.1,73.8,0.9,O=S(C1=CC=CC2=C1C=CC=C2)(N)=NC(C(F)(F)F)=O,train
120,1h,O=S(C1=CC=CC2=C1C=CC=C2)(N)=N,3g,C=C[C@H]1C[N@@]2CC[C@H]1C[C@@]2([H])[C@H](OP(C)(C)=O)C3=CC=NC4=C3C=C(C=C4)OC,-35,238.15,100,70.4,29.6,40.8,0.41,O=S(C1=CC=CC2=C1C=CC=C2)(N)=NC(C(F)(F)F)=O,train
121,1g,NS(C1=C(C)C=C(C)C=C1C)(=O)=N,3a,C=C[C@H]1C[N@@]2CC[C@H]1C[C@@]2([H])[C@H](OP(C3=CC=CC=C3)(C4=CC=CC=C4)=O)C5=CC=NC6=C5C=C(C=C6)OC,-35,238.15,100,83.3,16.7,66.6,0.76,NS(C1=C(C=C(C=C1C)C)C)(=O)=NC(C(F)(F)F)=O,train
122,1g,NS(C1=C(C)C=C(C)C=C1C)(=O)=N,3e,C=C[C@H]1C[N@@]2CC[C@H]1C[C@@]2([H])[C@H](OP(C3CCCCC3)(C4CCCCC4)=O)C5=CC=NC6=C5C=C(C=C6)OC,-35,238.15,100,84.7,15.3,69.4,0.81,NS(C1=C(C=C(C=C1C)C)C)(=O)=NC(C(F)(F)F)=O,test
123,1g,NS(C1=C(C)C=C(C)C=C1C)(=O)=N,3h,[H]C1=CC2=C(N=CC=C2[C@H]([C@]3([H])C[C@@H]4CC[N@]3C[C@@H]4C=C)OP(C5=CC=CC=C5)(C6=CC=CC=C6)=O)C=C1,-35,238.15,100,59.5,40.5,19,0.18,NS(C1=C(C=C(C=C1C)C)C)(=O)=NC(C(F)(F)F)=O,test
124,1g,NS(C1=C(C)C=C(C)C=C1C)(=O)=N,3d,C=C[C@H]1C[N@@]2CC[C@H]1C[C@@]2([H])[C@H](OP(C3=CC(C)=CC(C)=C3)(C4=CC(C)=CC(C)=C4)=O)C5=CC=NC6=C5C=C(C=C6)OC,-35,238.15,100,86.3,13.7,72.6,0.87,NS(C1=C(C=C(C=C1C)C)C)(=O)=NC(C(F)(F)F)=O,test
125,1g,NS(C1=C(C)C=C(C)C=C1C)(=O)=N,3i,C=C[C@H]1C[N@@]2CC[C@H]1C[C@@]2([H])[C@H](OP(C3=CC=CC=C3)(C4=CC=CC=C4)=O)C5=CC=NC6=C5C=C(C=C6)OC(C)C,-35,238.15,100,74.2,25.8,48.4,0.5,NS(C1=C(C=C(C=C1C)C)C)(=O)=NC(C(F)(F)F)=O,external validation
126,1g,NS(C1=C(C)C=C(C)C=C1C)(=O)=N,3j,C=C[C@H]1C[N@@]2CC[C@H]1C[C@@]2([H])[C@H](OP(C3=CC=CC=C3)(C4=CC=CC=C4)=O)C5=CC=NC6=C5C=C(C=C6)C7=CC=CC=C7,-35,238.15,100,65.7,34.3,31.4,0.31,NS(C1=C(C=C(C=C1C)C)C)(=O)=NC(C(F)(F)F)=O,train
127,1g,NS(C1=C(C)C=C(C)C=C1C)(=O)=N,3k,C=C[C@H]1C[N@@]2CC[C@H]1C[C@@]2([H])[C@H](OP(C3=CC=CC=C3)(C4=CC=CC=C4)=O)C5=CC=NC6=C5C=C(C=C6)C7=CC(C(F)(F)F)=CC(C(F)(F)F)=C7,-35,238.15,100,52.7,47.3,5.4,0.05,NS(C1=C(C=C(C=C1C)C)C)(=O)=NC(C(F)(F)F)=O,train
128,1g,NS(C1=C(C)C=C(C)C=C1C)(=O)=N,3l,C=C[C@H]1C[N@@]2CC[C@H]1C[C@@]2([H])[C@H](OP(C3=CC=CC=C3)(C4=CC=CC=C4)=O)C5=CC=NC6=C5C=C(C=C6)C7=CC=C(OC)C=C7,-35,238.15,100,70.2,29.8,40.4,0.41,NS(C1=C(C=C(C=C1C)C)C)(=O)=NC(C(F)(F)F)=O,test
129,1g,NS(C1=C(C)C=C(C)C=C1C)(=O)=N,3b,C=C[C@H]1C[N@@]2CC[C@H]1C[C@@]2([H])[C@H](OP(C3=CC=C(C(F)(F)F)C=C3)(C4=CC=C(C(F)(F)F)C=C4)=O)C5=CC=NC6=C5C=C(C=C6)OC,-35,238.15,100,77.2,22.8,54.4,0.58,NS(C1=C(C=C(C=C1C)C)C)(=O)=NC(C(F)(F)F)=O,test
130,1g,NS(C1=C(C)C=C(C)C=C1C)(=O)=N,3g,C=C[C@H]1C[N@@]2CC[C@H]1C[C@@]2([H])[C@H](OP(C)(C)=O)C3=CC=NC4=C3C=C(C=C4)OC,-35,238.15,100,82.7,17.3,65.4,0.74,NS(C1=C(C=C(C=C1C)C)C)(=O)=NC(C(F)(F)F)=O,test
131,1j,O=S(CC1=CC=CC=C1)(N)=N,3a,C=C[C@H]1C[N@@]2CC[C@H]1C[C@@]2([H])[C@H](OP(C3=CC=CC=C3)(C4=CC=CC=C4)=O)C5=CC=NC6=C5C=C(C=C6)OC,-35,238.15,100,70.8,29.2,41.6,0.42,O=S(CC1=CC=CC=C1)(N)=NC(C(F)(F)F)=O,train
132,1j,O=S(CC1=CC=CC=C1)(N)=N,3e,C=C[C@H]1C[N@@]2CC[C@H]1C[C@@]2([H])[C@H](OP(C3CCCCC3)(C4CCCCC4)=O)C5=CC=NC6=C5C=C(C=C6)OC,-35,238.15,100,72.4,27.6,44.8,0.46,O=S(CC1=CC=CC=C1)(N)=NC(C(F)(F)F)=O,train
133,1j,O=S(CC1=CC=CC=C1)(N)=N,3h,[H]C1=CC2=C(N=CC=C2[C@H]([C@]3([H])C[C@@H]4CC[N@]3C[C@@H]4C=C)OP(C5=CC=CC=C5)(C6=CC=CC=C6)=O)C=C1,-35,238.15,100,56.6,43.4,13.2,0.13,O=S(CC1=CC=CC=C1)(N)=NC(C(F)(F)F)=O,train
134,1j,O=S(CC1=CC=CC=C1)(N)=N,3d,C=C[C@H]1C[N@@]2CC[C@H]1C[C@@]2([H])[C@H](OP(C3=CC(C)=CC(C)=C3)(C4=CC(C)=CC(C)=C4)=O)C5=CC=NC6=C5C=C(C=C6)OC,-35,238.15,100,70.8,29.2,41.6,0.42,O=S(CC1=CC=CC=C1)(N)=NC(C(F)(F)F)=O,test
135,1j,O=S(CC1=CC=CC=C1)(N)=N,3i,C=C[C@H]1C[N@@]2CC[C@H]1C[C@@]2([H])[C@H](OP(C3=CC=CC=C3)(C4=CC=CC=C4)=O)C5=CC=NC6=C5C=C(C=C6)OC(C)C,-35,238.15,100,69.9,30.1,39.8,0.4,O=S(CC1=CC=CC=C1)(N)=NC(C(F)(F)F)=O,test
136,1j,O=S(CC1=CC=CC=C1)(N)=N,3j,C=C[C@H]1C[N@@]2CC[C@H]1C[C@@]2([H])[C@H](OP(C3=CC=CC=C3)(C4=CC=CC=C4)=O)C5=CC=NC6=C5C=C(C=C6)C7=CC=CC=C7,-35,238.15,100,68.2,31.8,36.4,0.36,O=S(CC1=CC=CC=C1)(N)=NC(C(F)(F)F)=O,train
137,1j,O=S(CC1=CC=CC=C1)(N)=N,3k,C=C[C@H]1C[N@@]2CC[C@H]1C[C@@]2([H])[C@H](OP(C3=CC=CC=C3)(C4=CC=CC=C4)=O)C5=CC=NC6=C5C=C(C=C6)C7=CC(C(F)(F)F)=CC(C(F)(F)F)=C7,-35,238.15,100,62.7,37.3,25.4,0.25,O=S(CC1=CC=CC=C1)(N)=NC(C(F)(F)F)=O,train
138,1j,O=S(CC1=CC=CC=C1)(N)=N,3l,C=C[C@H]1C[N@@]2CC[C@H]1C[C@@]2([H])[C@H](OP(C3=CC=CC=C3)(C4=CC=CC=C4)=O)C5=CC=NC6=C5C=C(C=C6)C7=CC=C(OC)C=C7,-35,238.15,100,67.6,32.4,35.2,0.35,O=S(CC1=CC=CC=C1)(N)=NC(C(F)(F)F)=O,external validation
139,1j,O=S(CC1=CC=CC=C1)(N)=N,3b,C=C[C@H]1C[N@@]2CC[C@H]1C[C@@]2([H])[C@H](OP(C3=CC=C(C(F)(F)F)C=C3)(C4=CC=C(C(F)(F)F)C=C4)=O)C5=CC=NC6=C5C=C(C=C6)OC,-35,238.15,100,71.2,28.8,42.4,0.43,O=S(CC1=CC=CC=C1)(N)=NC(C(F)(F)F)=O,train
140,1j,O=S(CC1=CC=CC=C1)(N)=N,3g,C=C[C@H]1C[N@@]2CC[C@H]1C[C@@]2([H])[C@H](OP(C)(C)=O)C3=CC=NC4=C3C=C(C=C4)OC,-35,238.15,100,65.7,34.3,31.4,0.31,O=S(CC1=CC=CC=C1)(N)=NC(C(F)(F)F)=O,train
141,1p,O=S(C1=CC=C(Cl)S1)(N)=N,3a,C=C[C@H]1C[N@@]2CC[C@H]1C[C@@]2([H])[C@H](OP(C3=CC=CC=C3)(C4=CC=CC=C4)=O)C5=CC=NC6=C5C=C(C=C6)OC,-35,238.15,99,95,5,90,1.39,O=S(C1=CC=C(S1)Cl)(N)=NC(C(F)(F)F)=O,test
142,1p,O=S(C1=CC=C(Cl)S1)(N)=N,3e,C=C[C@H]1C[N@@]2CC[C@H]1C[C@@]2([H])[C@H](OP(C3CCCCC3)(C4CCCCC4)=O)C5=CC=NC6=C5C=C(C=C6)OC,-35,238.15,99,96.8,3.2,93.6,1.61,O=S(C1=CC=C(S1)Cl)(N)=NC(C(F)(F)F)=O,train
143,1p,O=S(C1=CC=C(Cl)S1)(N)=N,3h,[H]C1=CC2=C(N=CC=C2[C@H]([C@]3([H])C[C@@H]4CC[N@]3C[C@@H]4C=C)OP(C5=CC=CC=C5)(C6=CC=CC=C6)=O)C=C1,-35,238.15,99,81.9,18.1,63.8,0.71,O=S(C1=CC=C(S1)Cl)(N)=NC(C(F)(F)F)=O,external validation
144,1p,O=S(C1=CC=C(Cl)S1)(N)=N,3d,C=C[C@H]1C[N@@]2CC[C@H]1C[C@@]2([H])[C@H](OP(C3=CC(C)=CC(C)=C3)(C4=CC(C)=CC(C)=C4)=O)C5=CC=NC6=C5C=C(C=C6)OC,-35,238.15,99,93.8,6.2,87.6,1.29,O=S(C1=CC=C(S1)Cl)(N)=NC(C(F)(F)F)=O,test
145,1p,O=S(C1=CC=C(Cl)S1)(N)=N,3i,C=C[C@H]1C[N@@]2CC[C@H]1C[C@@]2([H])[C@H](OP(C3=CC=CC=C3)(C4=CC=CC=C4)=O)C5=CC=NC6=C5C=C(C=C6)OC(C)C,-35,238.15,99,96.4,3.6,92.8,1.56,O=S(C1=CC=C(S1)Cl)(N)=NC(C(F)(F)F)=O,external validation
146,1p,O=S(C1=CC=C(Cl)S1)(N)=N,3j,C=C[C@H]1C[N@@]2CC[C@H]1C[C@@]2([H])[C@H](OP(C3=CC=CC=C3)(C4=CC=CC=C4)=O)C5=CC=NC6=C5C=C(C=C6)C7=CC=CC=C7,-35,238.15,100,97.1,2.9,94.2,1.66,O=S(C1=CC=C(S1)Cl)(N)=NC(C(F)(F)F)=O,test
147,1p,O=S(C1=CC=C(Cl)S1)(N)=N,3k,C=C[C@H]1C[N@@]2CC[C@H]1C[C@@]2([H])[C@H](OP(C3=CC=CC=C3)(C4=CC=CC=C4)=O)C5=CC=NC6=C5C=C(C=C6)C7=CC(C(F)(F)F)=CC(C(F)(F)F)=C7,-35,238.15,98,95.8,4.2,91.6,1.48,O=S(C1=CC=C(S1)Cl)(N)=NC(C(F)(F)F)=O,train
148,1p,O=S(C1=CC=C(Cl)S1)(N)=N,3l,C=C[C@H]1C[N@@]2CC[C@H]1C[C@@]2([H])[C@H](OP(C3=CC=CC=C3)(C4=CC=CC=C4)=O)C5=CC=NC6=C5C=C(C=C6)C7=CC=C(OC)C=C7,-35,238.15,99,96.1,3.9,92.2,1.52,O=S(C1=CC=C(S1)Cl)(N)=NC(C(F)(F)F)=O,test
149,1p,O=S(C1=CC=C(Cl)S1)(N)=N,3b,C=C[C@H]1C[N@@]2CC[C@H]1C[C@@]2([H])[C@H](OP(C3=CC=C(C(F)(F)F)C=C3)(C4=CC=C(C(F)(F)F)C=C4)=O)C5=CC=NC6=C5C=C(C=C6)OC,-35,238.15,99,95.3,4.7,90.6,1.42,O=S(C1=CC=C(S1)Cl)(N)=NC(C(F)(F)F)=O,test
150,1p,O=S(C1=CC=C(Cl)S1)(N)=N,3g,C=C[C@H]1C[N@@]2CC[C@H]1C[C@@]2([H])[C@H](OP(C)(C)=O)C3=CC=NC4=C3C=C(C=C4)OC,-35,238.15,99,85.8,14.2,71.6,0.85,O=S(C1=CC=C(S1)Cl)(N)=NC(C(F)(F)F)=O,train
151,1o,NS(C1=CC=CO1)(=O)=N,3a,C=C[C@H]1C[N@@]2CC[C@H]1C[C@@]2([H])[C@H](OP(C3=CC=CC=C3)(C4=CC=CC=C4)=O)C5=CC=NC6=C5C=C(C=C6)OC,-35,238.15,98,94.7,5.3,89.4,1.36,NS(C1=CC=CO1)(=O)=NC(C(F)(F)F)=O,test
152,1o,NS(C1=CC=CO1)(=O)=N,3e,C=C[C@H]1C[N@@]2CC[C@H]1C[C@@]2([H])[C@H](OP(C3CCCCC3)(C4CCCCC4)=O)C5=CC=NC6=C5C=C(C=C6)OC,-35,238.15,98,96.8,3.2,93.6,1.61,NS(C1=CC=CO1)(=O)=NC(C(F)(F)F)=O,train
153,1o,NS(C1=CC=CO1)(=O)=N,3h,[H]C1=CC2=C(N=CC=C2[C@H]([C@]3([H])C[C@@H]4CC[N@]3C[C@@H]4C=C)OP(C5=CC=CC=C5)(C6=CC=CC=C6)=O)C=C1,-35,238.15,97,84.9,15.1,69.8,0.82,NS(C1=CC=CO1)(=O)=NC(C(F)(F)F)=O,train
154,1o,NS(C1=CC=CO1)(=O)=N,3d,C=C[C@H]1C[N@@]2CC[C@H]1C[C@@]2([H])[C@H](OP(C3=CC(C)=CC(C)=C3)(C4=CC(C)=CC(C)=C4)=O)C5=CC=NC6=C5C=C(C=C6)OC,-35,238.15,99,94.4,5.6,88.8,1.34,NS(C1=CC=CO1)(=O)=NC(C(F)(F)F)=O,test
155,1o,NS(C1=CC=CO1)(=O)=N,3i,C=C[C@H]1C[N@@]2CC[C@H]1C[C@@]2([H])[C@H](OP(C3=CC=CC=C3)(C4=CC=CC=C4)=O)C5=CC=NC6=C5C=C(C=C6)OC(C)C,-35,238.15,99,93.7,6.3,87.4,1.28,NS(C1=CC=CO1)(=O)=NC(C(F)(F)F)=O,test
156,1o,NS(C1=CC=CO1)(=O)=N,3j,C=C[C@H]1C[N@@]2CC[C@H]1C[C@@]2([H])[C@H](OP(C3=CC=CC=C3)(C4=CC=CC=C4)=O)C5=CC=NC6=C5C=C(C=C6)C7=CC=CC=C7,-35,238.15,92,96,4,92,1.5,NS(C1=CC=CO1)(=O)=NC(C(F)(F)F)=O,train
157,1o,NS(C1=CC=CO1)(=O)=N,3k,C=C[C@H]1C[N@@]2CC[C@H]1C[C@@]2([H])[C@H](OP(C3=CC=CC=C3)(C4=CC=CC=C4)=O)C5=CC=NC6=C5C=C(C=C6)C7=CC(C(F)(F)F)=CC(C(F)(F)F)=C7,-35,238.15,85,84.7,15.3,69.4,0.81,NS(C1=CC=CO1)(=O)=NC(C(F)(F)F)=O,test
158,1o,NS(C1=CC=CO1)(=O)=N,3l,C=C[C@H]1C[N@@]2CC[C@H]1C[C@@]2([H])[C@H](OP(C3=CC=CC=C3)(C4=CC=CC=C4)=O)C5=CC=NC6=C5C=C(C=C6)C7=CC=C(OC)C=C7,-35,238.15,99,93.5,6.5,87,1.26,NS(C1=CC=CO1)(=O)=NC(C(F)(F)F)=O,train
159,1o,NS(C1=CC=CO1)(=O)=N,3b,C=C[C@H]1C[N@@]2CC[C@H]1C[C@@]2([H])[C@H](OP(C3=CC=C(C(F)(F)F)C=C3)(C4=CC=C(C(F)(F)F)C=C4)=O)C5=CC=NC6=C5C=C(C=C6)OC,-35,238.15,98,92.1,7.9,84.2,1.16,NS(C1=CC=CO1)(=O)=NC(C(F)(F)F)=O,test
160,1o,NS(C1=CC=CO1)(=O)=N,3g,C=C[C@H]1C[N@@]2CC[C@H]1C[C@@]2([H])[C@H](OP(C)(C)=O)C3=CC=NC4=C3C=C(C=C4)OC,-35,238.15,99,85.8,14.2,71.6,0.85,NS(C1=CC=CO1)(=O)=NC(C(F)(F)F)=O,external validation
161,1n,NS(C1=CN=CN=C1)(=O)=N,3a,C=C[C@H]1C[N@@]2CC[C@H]1C[C@@]2([H])[C@H](OP(C3=CC=CC=C3)(C4=CC=CC=C4)=O)C5=CC=NC6=C5C=C(C=C6)OC,-35,238.15,100,4,96,-92,-1.5,NS(C1=CN=CN=C1)(=O)=NC(C(F)(F)F)=O,test
162,1n,NS(C1=CN=CN=C1)(=O)=N,3e,C=C[C@H]1C[N@@]2CC[C@H]1C[C@@]2([H])[C@H](OP(C3CCCCC3)(C4CCCCC4)=O)C5=CC=NC6=C5C=C(C=C6)OC,-35,238.15,100,3.5,96.5,-93,-1.57,NS(C1=CN=CN=C1)(=O)=NC(C(F)(F)F)=O,external validation
163,1n,NS(C1=CN=CN=C1)(=O)=N,3h,[H]C1=CC2=C(N=CC=C2[C@H]([C@]3([H])C[C@@H]4CC[N@]3C[C@@H]4C=C)OP(C5=CC=CC=C5)(C6=CC=CC=C6)=O)C=C1,-35,238.15,98,21.7,78.3,-56.6,-0.61,NS(C1=CN=CN=C1)(=O)=NC(C(F)(F)F)=O,test
164,1n,NS(C1=CN=CN=C1)(=O)=N,3d,C=C[C@H]1C[N@@]2CC[C@H]1C[C@@]2([H])[C@H](OP(C3=CC(C)=CC(C)=C3)(C4=CC(C)=CC(C)=C4)=O)C5=CC=NC6=C5C=C(C=C6)OC,-35,238.15,100,3.2,96.8,-93.6,-1.61,NS(C1=CN=CN=C1)(=O)=NC(C(F)(F)F)=O,train
165,1n,NS(C1=CN=CN=C1)(=O)=N,3i,C=C[C@H]1C[N@@]2CC[C@H]1C[C@@]2([H])[C@H](OP(C3=CC=CC=C3)(C4=CC=CC=C4)=O)C5=CC=NC6=C5C=C(C=C6)OC(C)C,-35,238.15,100,3.7,96.3,-92.6,-1.54,NS(C1=CN=CN=C1)(=O)=NC(C(F)(F)F)=O,train
166,1n,NS(C1=CN=CN=C1)(=O)=N,3j,C=C[C@H]1C[N@@]2CC[C@H]1C[C@@]2([H])[C@H](OP(C3=CC=CC=C3)(C4=CC=CC=C4)=O)C5=CC=NC6=C5C=C(C=C6)C7=CC=CC=C7,-35,238.15,88,5.4,94.6,-89.2,-1.35,NS(C1=CN=CN=C1)(=O)=NC(C(F)(F)F)=O,test
167,1n,NS(C1=CN=CN=C1)(=O)=N,3k,C=C[C@H]1C[N@@]2CC[C@H]1C[C@@]2([H])[C@H](OP(C3=CC=CC=C3)(C4=CC=CC=C4)=O)C5=CC=NC6=C5C=C(C=C6)C7=CC(C(F)(F)F)=CC(C(F)(F)F)=C7,-35,238.15,92,6.7,93.3,-86.6,-1.25,NS(C1=CN=CN=C1)(=O)=NC(C(F)(F)F)=O,train
168,1n,NS(C1=CN=CN=C1)(=O)=N,3l,C=C[C@H]1C[N@@]2CC[C@H]1C[C@@]2([H])[C@H](OP(C3=CC=CC=C3)(C4=CC=CC=C4)=O)C5=CC=NC6=C5C=C(C=C6)C7=CC=C(OC)C=C7,-35,238.15,98,6.1,93.9,-87.8,-1.29,NS(C1=CN=CN=C1)(=O)=NC(C(F)(F)F)=O,test
169,1n,NS(C1=CN=CN=C1)(=O)=N,3b,C=C[C@H]1C[N@@]2CC[C@H]1C[C@@]2([H])[C@H](OP(C3=CC=C(C(F)(F)F)C=C3)(C4=CC=C(C(F)(F)F)C=C4)=O)C5=CC=NC6=C5C=C(C=C6)OC,-35,238.15,99,4.1,95.9,-91.8,-1.49,NS(C1=CN=CN=C1)(=O)=NC(C(F)(F)F)=O,test
170,1n,NS(C1=CN=CN=C1)(=O)=N,3g,C=C[C@H]1C[N@@]2CC[C@H]1C[C@@]2([H])[C@H](OP(C)(C)=O)C3=CC=NC4=C3C=C(C=C4)OC,-35,238.15,100,12.7,87.3,-74.6,-0.91,NS(C1=CN=CN=C1)(=O)=NC(C(F)(F)F)=O,test
